user_id,first_name,last_name,account_type,department_name,createdAt,updatedAt
1,Nicholas,Montgomery,admin,Manager,2019-03-29 22:30:06,2020-02-14 14:38:53.000
2,Debbie,Hamilton,user,Engineering/Development,2019-03-29 23:15:49,2020-05-12 12:16:44.000
3,Scott,Singleton,user,Engineering/Development,2019-03-30 08:43:33,2019-07-05 03:55:47.000
4,Bobby,Boyd,user,Engineering/Development,2019-03-30 14:35:37,2020-10-04 14:00:37.000
5,Julie,Stewart,user,Engineering/Development,2019-03-31 07:35:40,2019-08-12 20:05:50.000
6,Renee,Fritz,user,Engineering/Development,2019-03-31 20:06:44,2020-08-24 00:34:48.000
7,Meghan,Day,user,Engineering/Development,2019-03-31 22:13:52,2021-03-01 02:39:08.000
8,Shawn,Williams,user,Engineering/Development,2019-04-01 20:31:49,2020-09-23 10:24:46.000
9,Kyle,Foster,user,Engineering/Development,2019-04-03 11:17:26,2020-01-07 21:11:35.000
10,Cheryl,Mcguire,user,Engineering/Development,2019-04-05 04:40:54,2019-10-19 16:58:19.000
11,Melissa,Floyd,user,Engineering/Development,2019-04-05 22:20:28,2020-12-30 21:50:57.000
12,Paul,Nelson,user,Engineering/Development,2019-04-05 23:30:27,2020-05-07 22:03:23.000
13,Cindy,Goodman,user,Engineering/Development,2019-04-06 12:46:40,2020-09-05 17:06:10.000
14,Katherine,Burnett,user,Engineering/Development,2019-04-06 23:10:17,2019-11-07 11:00:11.000
15,Sonia,Thomas,user,Engineering/Development,2019-04-08 22:01:50,2020-02-10 23:27:34.000
16,Erin,Frazier,user,Engineering/Development,2019-04-09 09:06:48,2020-09-11 03:34:04.000
17,Frederick,Nichols,user,Engineering/Development,2019-04-11 02:23:31,2020-01-19 19:33:43.000
18,Laura,West,user,Engineering/Development,2019-04-11 07:44:23,2019-05-18 07:42:49.000
19,Tina,York,user,Engineering/Development,2019-04-11 11:32:21,2019-10-03 11:28:29.000
20,Elizabeth,Smith,user,Engineering/Development,2019-04-12 22:25:19,2019-04-13 07:25:44.000
21,John,Dougherty,user,Engineering/Development,2019-04-14 13:21:09,2021-03-13 18:10:15.000
22,Alice,Russell,user,Product Management,2019-04-15 04:06:27,2020-11-22 08:32:18.000
23,Jeffery,Johnson,user,Product Management,2019-04-16 10:51:37,2021-01-18 21:38:33.000
24,Melissa,Copeland,user,Product Management,2019-04-18 10:00:23,2020-03-05 00:38:23.000
25,Carrie,Ponce,user,Product Management,2019-04-18 21:49:13,2020-12-24 19:22:01.000
26,Connie,Johnson,user,Product Management,2019-04-20 04:45:23,2020-08-18 09:31:30.000
27,Ryan,Ward,user,Product Management,2019-04-20 23:26:10,2020-09-08 06:27:57.000
28,Micheal,Harvey,user,Product Management,2019-04-21 20:46:45,2019-06-08 18:24:00.000
29,Brianna,Torres,user,Product Management,2019-04-22 13:53:42,2020-01-05 11:10:35.000
30,Jamie,Walton,user,Product Management,2019-04-23 04:32:13,2020-05-21 01:36:50.000
31,Shannon,Gray,user,Product Management,2019-04-23 07:55:18,2019-12-01 02:12:54.000
32,Sheena,Maldonado,user,Product Management,2019-04-25 03:36:06,2019-05-17 20:21:30.000
33,Ashley,Fields,user,Product Management,2019-04-26 03:04:35,2020-12-08 23:04:50.000
34,Tyler,Ferrell,user,Quality Assurance,2019-04-27 10:43:59,2021-04-13 01:03:04.000
35,Lauren,Salas,user,Quality Assurance,2019-04-27 18:37:06,2021-03-14 15:53:29.000
36,Carolyn,Snow,user,Quality Assurance,2019-04-28 07:20:05,2020-11-28 22:19:48.000
37,Todd,Arnold,user,Quality Assurance,2019-04-28 09:48:08,2020-03-31 15:30:02.000
38,Beth,Hanna,user,Quality Assurance,2019-04-29 06:03:59,2020-01-20 00:16:52.000
39,Alexander,Watson,user,Information Technology,2019-04-30 12:11:13,2019-05-01 07:47:26.000
40,Leon,Gibbs,user,Information Technology,2019-05-01 15:16:58,2019-12-01 07:56:55.000
41,Lauren,Bartlett,user,Information Technology,2019-05-02 12:06:04,2019-07-21 10:53:40.000
42,Darryl,Scott,user,Information Technology,2019-05-03 23:06:20,2020-08-02 10:41:19.000
43,Tracy,Warren,user,Information Technology,2019-05-05 00:17:23,2020-11-04 00:33:19.000
44,Paul,Wilson,user,Information Technology,2019-05-06 17:00:34,2020-01-25 08:41:15.000
45,Rhonda,Black,user,Information Technology,2019-05-06 22:14:02,2019-07-04 13:02:22.000
46,Melissa,Ashley,user,Data Science/Analytics,2019-05-07 01:42:41,2019-09-11 19:03:59.000
47,Donna,Burton,user,Data Science/Analytics,2019-05-07 14:33:15,2020-03-25 19:22:22.000
48,Rachel,Baldwin,user,Data Science/Analytics,2019-05-09 04:01:59,2020-11-08 11:25:37.000
49,Ernest,Wilkerson,user,Data Science/Analytics,2019-05-11 03:49:03,2021-02-27 06:23:09.000
50,Brian,Waller,user,Data Science/Analytics,2019-05-13 00:12:33,2021-04-20 06:10:04.000
51,Travis,Marshall,user,Data Science/Analytics,2019-05-14 13:08:46,2020-09-13 05:02:00.000
52,Brandon,Webb,user,DevOps,2019-05-15 17:55:59,2021-02-21 01:55:00.000
53,Morgan,Mckay,user,DevOps,2019-05-16 15:13:31,2021-05-05 15:09:58.000
54,Cindy,Strickland,user,DevOps,2019-05-17 03:56:36,2021-01-01 19:21:48.000
55,Shannon,Green,user,DevOps,2019-05-18 09:20:22,2019-05-24 22:57:41.000
56,Christy,Wise,user,DevOps,2019-05-18 15:54:02,2020-01-12 15:27:54.000
57,Harold,Rosales,user,DevOps,2019-05-19 07:48:18,2021-03-23 12:48:06.000
58,Victoria,Gardner,user,DevOps,2019-05-21 06:37:27,2019-05-30 02:36:42.000
59,Anita,Graham,user,DevOps,2019-05-22 18:57:39,2021-04-28 18:09:11.000
60,Albert,Rodriguez,user,DevOps,2019-05-24 11:49:05,2021-05-09 18:53:28.000
61,Jesse,Kennedy,user,Cybersecurity,2019-05-24 21:56:09,2021-03-20 04:41:31.000
62,Rita,Hurst,user,Cybersecurity,2019-05-26 21:50:29,2020-03-09 01:12:16.000
63,Emily,Glover,user,Cybersecurity,2019-05-28 16:13:05,2021-05-03 01:38:29.000
64,James,Thomas,user,Cybersecurity,2019-05-29 05:27:55,2020-01-13 08:09:01.000
65,Janice,Peterson,user,Cybersecurity,2019-05-30 01:14:55,2020-02-02 13:12:21.000
66,Jacob,Novak,user,Cybersecurity,2019-05-31 09:13:27,2021-03-29 06:25:43.000
67,Kelly,Pineda,user,Cybersecurity,2019-05-31 18:00:55,2021-01-05 02:01:53.000
68,Brian,Richmond,user,Cybersecurity,2019-05-31 23:20:55,2021-05-29 14:39:19.000
69,Jasmine,Castillo,user,Cybersecurity,2019-06-01 21:28:27,2021-01-06 16:58:29.000
70,Amanda,Lyons,user,User Interface/User Experience Design,2019-06-02 14:06:00,2019-11-06 00:17:28.000
71,Monica,Butler,user,User Interface/User Experience Design,2019-06-03 00:06:24,2019-11-23 15:53:11.000
72,Robert,Molina,user,User Interface/User Experience Design,2019-06-04 18:48:41,2020-01-17 11:16:03.000
73,Daniel,Walker,user,User Interface/User Experience Design,2019-06-05 09:22:50,2020-05-18 03:06:54.000
74,Tammy,Salinas,user,User Interface/User Experience Design,2019-06-06 23:19:32,2020-08-04 10:08:12.000
75,Geoffrey,Poole,user,User Interface/User Experience Design,2019-06-08 12:43:11,2021-01-21 09:59:31.000
76,Margaret,Young,user,User Interface/User Experience Design,2019-06-09 03:26:17,2019-07-05 06:13:40.000
77,Derrick,Stevens,user,User Interface/User Experience Design,2019-06-10 21:16:11,2020-01-15 11:11:04.000
78,Ian,Larsen,user,User Interface/User Experience Design,2019-06-12 03:43:30,2019-12-27 07:40:58.000
79,Sandra,Graves,user,User Interface/User Experience Design,2019-06-13 14:10:45,2020-06-09 02:50:58.000
80,Heather,Rojas,user,User Interface/User Experience Design,2019-06-14 11:33:50,2019-09-21 12:51:17.000
81,Felicia,Adams,user,User Interface/User Experience Design,2019-06-16 09:28:52,2021-01-18 21:24:34.000
82,Steven,Wilson,user,Sales,2019-06-18 07:03:44,2020-09-18 14:18:39.000
83,Michaela,Gonzalez,user,Sales,2019-06-18 13:16:24,2021-01-26 00:18:03.000
84,Stephanie,Wheeler,user,Sales,2019-06-19 10:35:03,2019-08-26 07:19:24.000
85,Mario,Lopez,user,Sales,2019-06-20 08:57:42,2020-11-24 02:04:13.000
86,Christopher,Pineda,user,Sales,2019-06-21 04:00:18,2019-09-23 18:01:37.000
87,Kevin,Hubbard,user,Sales,2019-06-21 06:54:34,2020-11-13 21:55:26.000
88,Susan,Lopez,user,Sales,2019-06-22 17:49:21,2020-11-25 22:14:23.000
89,Sara,Montgomery,user,Sales,2019-06-22 20:25:47,2020-06-27 13:09:15.000
90,Matthew,Elliott,user,Marketing,2019-06-23 00:44:02,2020-10-02 21:31:28.000
91,Martin,Harris,user,Marketing,2019-06-23 13:02:46,2020-10-18 19:55:44.000
92,Brandon,Medina,user,Marketing,2019-06-25 06:56:23,2021-02-22 00:49:40.000
93,Joshua,Mitchell,user,Marketing,2019-06-27 04:05:15,2020-01-07 19:39:58.000
94,Emily,Wiley,user,Marketing,2019-06-28 12:29:20,2020-05-21 08:16:20.000
95,April,Johnson,user,Marketing,2019-06-29 15:32:44,2021-03-24 08:33:23.000
96,Daniel,Davidson,user,Customer Support/Success,2019-06-30 02:02:21,2020-09-28 15:45:17.000
97,Leslie,Marshall,user,Customer Support/Success,2019-06-30 08:12:44,2021-05-30 02:01:05.000
98,Nicholas,Berry,user,Customer Support/Success,2019-07-01 01:34:15,2019-12-29 03:33:33.000
99,Kevin,Barker,user,Human Resources,2019-07-02 08:57:02,2020-05-11 04:59:31.000
100,Cindy,Espinoza,admin,Manager,2019-07-02 14:35:53,2019-11-17 05:14:01.000
101,Laurie,Brooks,user,Human Resources,2019-07-03 10:43:48,2020-06-29 15:56:57.000
102,Gregory,Paul,user,Human Resources,2019-07-03 12:04:23,2020-01-03 02:13:56.000
103,Morgan,Lopez,user,Human Resources,2019-07-05 03:27:43,2021-03-08 00:47:11.000
104,Misty,Stone,user,Human Resources,2019-07-06 06:51:29,2019-07-29 12:59:36.000
105,Kayla,Jacobson,user,Finance,2019-07-07 20:02:48,2021-04-23 10:14:21.000
106,Jessica,Williams,user,Finance,2019-07-09 17:24:18,2020-01-12 19:06:47.000
107,Heidi,Trevino,user,Finance,2019-07-10 11:57:47,2021-04-21 20:53:37.000
108,Heather,Bautista,user,Finance,2019-07-11 16:19:34,2020-01-10 19:10:10.000
109,Corey,Romero,user,Finance,2019-07-12 18:54:38,2019-12-08 01:44:33.000
110,Mark,Bowers,user,Finance,2019-07-14 01:46:45,2020-10-28 17:43:37.000
111,Shelly,Willis,user,Legal/Compliance,2019-07-15 22:09:26,2019-11-28 22:19:27.000
112,Angela,Smith,user,Marketing,2019-07-16 05:16:01,2020-08-03 04:45:03.000
113,Joshua,Jones,user,Finance,2019-07-16 05:48:03,2020-11-24 00:17:10.000
114,Jessica,Beasley,user,Sales,2019-07-17 07:55:41,2020-03-05 17:58:12.000
115,Steven,Jones,user,Engineering/Development,2019-07-18 01:09:15,2019-10-29 03:04:14.000
116,Timothy,Cortez,user,Cybersecurity,2019-07-18 07:45:26,2020-02-01 03:00:24.000
117,Michael,Allen,user,Engineering/Development,2019-07-20 03:45:43,2019-09-24 16:12:12.000
118,Marcus,Morton,user,Quality Assurance,2019-07-21 10:24:43,2020-09-30 00:17:01.000
119,Tina,Mann,user,Customer Support/Success,2019-07-22 17:22:57,2020-08-28 11:48:13.000
120,Margaret,Wilcox,user,Data Science/Analytics,2019-07-24 00:52:36,2020-02-23 14:27:52.000
121,Nathan,Rodriguez,user,Engineering/Development,2019-07-25 17:55:28,2021-02-17 13:26:48.000
122,Veronica,Aguilar,user,Cybersecurity,2019-07-27 10:48:45,2019-10-21 16:47:57.000
123,Meagan,Walker,user,Engineering/Development,2019-07-29 08:34:08,2020-09-12 02:01:19.000
124,Kayla,Sanders,user,Data Science/Analytics,2019-07-30 11:36:53,2020-05-26 11:41:54.000
125,Jonathan,Harris,user,DevOps,2019-07-30 17:54:13,2019-08-23 16:08:44.000
126,Michael,Oliver,user,DevOps,2019-07-31 05:59:59,2020-02-24 10:31:49.000
127,Melissa,Blackburn,user,Information Technology,2019-08-01 21:42:19,2021-01-22 08:50:54.000
128,Jeffrey,Bartlett,user,Finance,2019-08-02 05:00:32,2021-04-27 21:18:33.000
129,Vincent,Jones,user,User Interface/User Experience Design,2019-08-04 04:09:34,2021-01-31 04:40:01.000
130,Theresa,Williamson,user,Finance,2019-08-04 23:32:49,2020-05-21 07:44:15.000
131,David,Tucker,user,Finance,2019-08-06 10:25:28,2020-03-01 11:38:53.000
132,Sharon,Walton,user,Sales,2019-08-08 02:13:41,2020-07-22 07:50:30.000
133,Amber,Lucero,user,Sales,2019-08-09 23:05:35,2020-01-12 20:09:51.000
134,Nicholas,Hebert,user,Cybersecurity,2019-08-10 19:09:49,2020-06-07 02:10:14.000
135,Patricia,Sherman,user,Product Management,2019-08-11 14:46:07,2020-06-29 03:11:25.000
136,Amanda,Cox,user,Finance,2019-08-12 22:24:23,2020-12-26 13:17:10.000
137,Steven,Walsh,user,Product Management,2019-08-13 23:23:11,2020-10-31 01:00:19.000
138,Jeffrey,Parrish,user,DevOps,2019-08-15 20:31:41,2021-04-20 07:43:11.000
139,Jessica,Thompson,user,Engineering/Development,2019-08-16 20:20:32,2021-05-15 10:31:06.000
140,Christopher,Scott,user,Marketing,2019-08-16 22:26:05,2020-08-05 09:23:18.000
141,Alexandra,Norris,user,Marketing,2019-08-18 02:40:08,2020-01-10 05:00:44.000
142,Dana,Lopez,user,DevOps,2019-08-18 23:30:49,2021-01-25 01:18:03.000
143,Jennifer,Bailey,user,User Interface/User Experience Design,2019-08-20 09:07:43,2021-03-20 23:53:36.000
144,Tiffany,Atkins,user,Customer Support/Success,2019-08-20 09:15:50,2021-03-30 08:54:46.000
145,Joseph,Cox,user,Engineering/Development,2019-08-20 20:31:15,2020-07-11 04:02:45.000
146,Michael,Newman,user,Information Technology,2019-08-21 22:32:56,2019-09-08 17:39:52.000
147,David,Garcia,user,Product Management,2019-08-23 09:04:08,2020-12-14 01:02:33.000
148,Molly,Owen,user,User Interface/User Experience Design,2019-08-24 06:47:55,2019-10-26 14:56:08.000
149,Anthony,Fleming,user,DevOps,2019-08-25 15:32:11,2019-09-12 19:52:25.000
150,Chad,Rodriguez,user,User Interface/User Experience Design,2019-08-26 14:35:12,2020-07-03 00:05:07.000
151,Stacy,Wright,user,User Interface/User Experience Design,2019-08-26 17:55:22,2021-02-23 07:40:43.000
152,April,Haynes,user,Cybersecurity,2019-08-27 18:45:40,2020-02-09 06:03:28.000
153,Carl,Jordan,user,Engineering/Development,2019-08-29 10:07:15,2020-06-22 11:43:29.000
154,Bradley,Montgomery,user,Finance,2019-08-31 03:26:18,2021-03-08 16:14:02.000
155,Joseph,Davis,user,Cybersecurity,2019-09-01 15:06:50,2020-11-16 21:09:44.000
156,Michael,Hart,user,DevOps,2019-09-03 05:34:16,2021-04-03 18:57:44.000
157,John,Archer,user,User Interface/User Experience Design,2019-09-03 12:37:29,2019-10-17 13:47:51.000
158,Jo,Brown,user,Human Resources,2019-09-03 23:20:54,2020-11-25 07:01:56.000
159,Hunter,Ball,user,Cybersecurity,2019-09-05 18:57:29,2020-11-02 10:29:46.000
160,Allison,James,user,Engineering/Development,2019-09-05 21:35:10,2019-12-30 01:17:25.000
161,Mary,Woodard,user,Quality Assurance,2019-09-06 02:10:29,2019-10-02 03:08:59.000
162,Angela,Vasquez,user,Engineering/Development,2019-09-08 00:02:08,2020-04-30 00:10:58.000
163,Ethan,Costa,user,Data Science/Analytics,2019-09-09 21:49:24,2020-10-21 11:47:00.000
164,Nathan,Wright,user,User Interface/User Experience Design,2019-09-10 09:19:33,2020-08-09 11:52:18.000
165,Steven,White,user,Cybersecurity,2019-09-11 21:29:44,2019-10-04 23:44:36.000
166,Steven,Rodriguez,user,Data Science/Analytics,2019-09-12 13:41:53,2020-03-26 22:35:10.000
167,Brian,Cortez,user,User Interface/User Experience Design,2019-09-14 02:00:51,2020-11-22 13:13:04.000
168,Gregg,Coleman,user,Information Technology,2019-09-14 02:46:57,2020-07-27 01:31:32.000
169,Travis,Mendoza,user,Product Management,2019-09-15 22:15:43,2020-07-09 07:31:28.000
170,Mark,Cooper,user,Human Resources,2019-09-17 07:53:03,2020-12-18 11:10:49.000
171,Wendy,Hensley,user,Sales,2019-09-19 00:18:24,2020-09-20 17:57:26.000
172,Gary,Barron,user,Information Technology,2019-09-19 15:07:57,2020-01-30 07:55:38.000
173,Alexander,Haley,user,Engineering/Development,2019-09-19 20:38:04,2020-12-01 04:42:36.000
174,Robert,Lewis,user,Sales,2019-09-21 15:21:39,2020-08-28 14:12:18.000
175,Ronald,Bond,user,Information Technology,2019-09-21 21:33:16,2021-05-22 22:49:54.000
176,Kaitlyn,York,user,User Interface/User Experience Design,2019-09-22 02:24:53,2021-02-10 17:46:09.000
177,Mark,Love,user,Engineering/Development,2019-09-22 23:51:40,2019-12-21 21:11:56.000
178,Justin,Fisher,user,Sales,2019-09-24 22:48:38,2021-04-27 20:04:54.000
179,Anthony,Hays,user,Product Management,2019-09-25 05:57:49,2019-11-18 06:43:11.000
180,Michael,Watts,user,Product Management,2019-09-26 03:58:45,2020-02-04 13:40:59.000
181,Krystal,Hernandez,user,Product Management,2019-09-26 14:25:47,2021-03-30 02:50:55.000
182,Zachary,Pittman,user,Customer Support/Success,2019-09-27 19:28:17,2020-03-10 00:59:01.000
183,Vanessa,Allen,user,Product Management,2019-09-29 04:24:18,2019-11-13 06:14:44.000
184,Mary,Underwood,user,Human Resources,2019-09-30 01:56:02,2021-05-10 12:26:32.000
185,Victoria,Brown,user,Quality Assurance,2019-10-01 22:40:04,2020-03-16 16:25:48.000
186,Edwin,Bradshaw,user,Engineering/Development,2019-10-03 03:17:19,2019-12-07 12:47:07.000
187,Charles,Porter,user,Engineering/Development,2019-10-04 08:51:34,2020-09-01 12:59:28.000
188,Kimberly,Clark,user,Engineering/Development,2019-10-06 01:42:51,2019-12-06 02:00:59.000
189,John,Holt,user,Marketing,2019-10-06 03:44:06,2020-03-26 19:41:50.000
190,Jessica,Johnson,user,Product Management,2019-10-07 18:30:28,2020-01-31 08:30:50.000
191,Christina,Garcia,user,Engineering/Development,2019-10-09 00:43:04,2020-09-18 21:45:41.000
192,Sara,Townsend,user,Cybersecurity,2019-10-10 18:48:10,2020-11-30 21:43:16.000
193,Janice,Serrano,user,Engineering/Development,2019-10-11 06:01:52,2021-04-01 20:14:11.000
194,Mary,Gonzalez,user,Information Technology,2019-10-12 09:15:36,2020-04-30 20:35:22.000
195,Amber,Rivera,user,User Interface/User Experience Design,2019-10-13 03:10:14,2020-07-03 01:43:58.000
196,Danielle,Mayo,user,Sales,2019-10-13 20:18:22,2021-05-15 05:51:25.000
197,Wyatt,Brennan,user,DevOps,2019-10-14 07:26:20,2021-04-23 22:21:36.000
198,Robert,Flowers,user,Legal/Compliance,2019-10-14 20:58:59,2020-07-02 22:04:36.000
199,Rodney,Smith,user,Marketing,2019-10-16 12:50:09,2020-04-20 23:25:36.000
200,Michael,Bell,admin,Manager,2019-10-17 12:07:06,2020-04-28 03:12:35.000
201,Roy,Krause,user,Marketing,2019-10-17 12:23:30,2020-08-05 16:27:53.000
202,Edward,Jacobs,user,Information Technology,2019-10-18 12:29:49,2020-07-07 02:47:51.000
203,Amy,Watts,user,Engineering/Development,2019-10-19 03:29:41,2021-03-05 04:42:43.000
204,Jennifer,Garrett,user,Product Management,2019-10-19 06:05:42,2021-02-25 08:11:43.000
205,Amanda,Campbell,user,User Interface/User Experience Design,2019-10-20 02:42:22,2020-08-27 11:30:08.000
206,Aaron,Martinez,user,Data Science/Analytics,2019-10-20 19:27:26,2020-01-13 13:51:20.000
207,Timothy,Wiggins,user,User Interface/User Experience Design,2019-10-22 17:47:33,2021-04-02 18:55:03.000
208,James,Francis,user,Engineering/Development,2019-10-24 08:45:33,2020-02-13 07:26:31.000
209,Sherry,Roberts,user,Cybersecurity,2019-10-24 22:49:46,2021-06-01 01:45:19.000
210,Patrick,Murphy,user,Quality Assurance,2019-10-26 18:18:51,2020-07-20 14:27:33.000
211,Javier,Page,user,Engineering/Development,2019-10-28 14:17:10,2020-02-09 07:57:46.000
212,Kristen,Brown,user,Product Management,2019-10-29 16:43:12,2020-08-01 03:57:07.000
213,Heather,Chaney,user,DevOps,2019-10-31 12:58:58,2020-07-12 09:22:12.000
214,Nicole,Hendricks,user,Human Resources,2019-11-02 12:20:35,2019-12-09 15:53:51.000
215,Jennifer,Nixon,user,DevOps,2019-11-04 10:19:41,2021-03-05 07:46:42.000
216,Zachary,Torres,user,Engineering/Development,2019-11-06 10:04:58,2020-06-02 04:42:35.000
217,Juan,Sherman,user,Product Management,2019-11-07 00:17:20,2020-08-04 05:43:36.000
218,William,Dean,user,Sales,2019-11-08 08:43:21,2020-08-30 16:22:20.000
219,Ashley,Clark,user,Human Resources,2019-11-08 20:31:08,2020-12-24 04:14:48.000
220,Samantha,Mendoza,user,Data Science/Analytics,2019-11-09 06:17:34,2020-06-25 18:10:19.000
221,Jennifer,Perkins,user,Quality Assurance,2019-11-10 22:35:12,2020-01-03 21:39:32.000
222,Patrick,Evans,user,Cybersecurity,2019-11-12 14:30:19,2021-04-18 10:07:29.000
223,Joseph,Booth,user,User Interface/User Experience Design,2019-11-14 05:23:43,2021-05-01 08:50:10.000
224,Marcus,Pineda,user,Human Resources,2019-11-15 05:43:27,2020-11-04 18:22:37.000
225,Justin,Briggs,user,Marketing,2019-11-15 08:12:42,2020-04-22 05:19:55.000
226,Connor,Johnson,user,Engineering/Development,2019-11-15 18:02:32,2021-01-09 04:04:37.000
227,James,Clements,user,Product Management,2019-11-17 11:52:54,2020-02-18 11:28:13.000
228,Stephanie,Lowe,user,Sales,2019-11-19 11:20:49,2020-08-10 19:15:51.000
229,Ashley,Cook,user,Product Management,2019-11-19 12:16:12,2020-05-29 01:33:08.000
230,Joshua,Jone,user,Data Science/Analytics,2019-11-20 15:19:22,2020-05-03 13:00:33.000
231,Jennifer,Moreno,user,Engineering/Development,2019-11-20 18:19:58,2021-04-08 03:18:29.000
232,Brittney,Gonzalez,user,DevOps,2019-11-22 03:11:02,2021-04-10 23:29:46.000
233,Anthony,Atkins,user,User Interface/User Experience Design,2019-11-23 08:34:25,2021-04-29 09:03:31.000
234,Kelly,Hampton,user,Engineering/Development,2019-11-24 14:23:22,2020-10-17 03:52:38.000
235,Sarah,Robbins,user,Quality Assurance,2019-11-24 16:56:57,2021-02-21 16:23:43.000
236,Allison,Bailey,user,Product Management,2019-11-25 19:21:06,2020-11-29 17:30:45.000
237,Kirsten,Powers,user,Product Management,2019-11-25 21:00:22,2020-09-14 03:26:05.000
238,Larry,Davis,user,Cybersecurity,2019-11-26 04:29:12,2020-08-30 08:22:05.000
239,Tammy,Carlson,user,Engineering/Development,2019-11-26 13:00:48,2020-01-14 06:16:51.000
240,James,Freeman,user,User Interface/User Experience Design,2019-11-27 06:52:28,2020-06-04 01:57:39.000
241,Jesus,Macias,user,Data Science/Analytics,2019-11-27 10:47:40,2020-02-27 23:07:19.000
242,Tim,Rollins,user,DevOps,2019-11-28 09:58:20,2020-04-29 15:31:03.000
243,Mark,Kelly,user,Engineering/Development,2019-11-28 22:23:39,2020-04-06 21:09:54.000
244,Robin,Hunter,user,Engineering/Development,2019-11-29 02:34:46,2021-01-08 02:32:37.000
245,Suzanne,Schwartz,user,User Interface/User Experience Design,2019-11-29 14:10:35,2020-08-27 11:49:49.000
246,Donald,Escobar,user,Product Management,2019-11-30 06:33:34,2020-06-07 12:19:55.000
247,Ashley,Oneill,user,Sales,2019-12-01 21:02:14,2020-09-13 00:27:44.000
248,Julia,Smith,user,DevOps,2019-12-03 13:13:25,2020-02-23 02:15:27.000
249,Regina,Lutz,user,Engineering/Development,2019-12-04 15:04:03,2021-05-24 22:04:22.000
250,Zachary,Maddox,user,Marketing,2019-12-05 00:45:02,2021-04-01 09:36:01.000
251,Jeffrey,Lewis,user,Information Technology,2019-12-05 23:00:24,2020-04-24 14:32:18.000
252,Debra,White,user,Quality Assurance,2019-12-06 18:14:32,2020-08-17 00:03:54.000
253,Thomas,Nguyen,user,User Interface/User Experience Design,2019-12-08 16:04:55,2020-02-23 20:17:01.000
254,Karen,Jensen,user,DevOps,2019-12-10 10:54:08,2021-04-06 15:30:42.000
255,Johnathan,Ramos,user,User Interface/User Experience Design,2019-12-12 06:25:08,2020-12-04 00:01:50.000
256,Leslie,Hickman,user,Cybersecurity,2019-12-13 09:29:49,2020-06-11 13:19:54.000
257,Amanda,Campbel,user,Sales,2019-12-14 13:21:37,2020-09-20 06:04:14.000
258,Thomas,Gonzalez,user,Legal/Compliance,2019-12-16 13:16:39,2020-09-22 12:39:38.000
259,Eric,Johnson,user,Product Management,2019-12-17 05:25:18,2020-10-08 07:06:37.000
260,Kristine,Bryant,user,Engineering/Development,2019-12-18 11:34:55,2020-12-01 14:36:43.000
261,David,Keith,user,User Interface/User Experience Design,2019-12-20 00:08:31,2020-07-02 21:58:33.000
262,Brian,Anderson,user,Information Technology,2019-12-21 08:29:40,2020-06-28 16:16:09.000
263,Felicia,Miranda,user,Engineering/Development,2019-12-22 14:56:40,2020-01-10 13:56:49.000
264,Anna,Walls,user,Finance,2019-12-24 02:19:08,2021-05-21 23:06:02.000
265,Sabrina,Kim,user,Sales,2019-12-24 20:42:16,2021-04-27 10:05:14.000
266,Michael,Stevens,user,Information Technology,2019-12-26 06:04:43,2020-12-30 03:18:23.000
267,Chelsea,Ray,user,Sales,2019-12-26 06:52:25,2020-07-14 00:40:14.000
268,Alejandro,Haley,user,Engineering/Development,2019-12-27 21:17:05,2020-03-21 16:20:21.000
269,Amanda,Jenkins,user,Marketing,2019-12-28 05:00:54,2020-08-17 01:28:03.000
270,Lauren,Mendez,user,Product Management,2019-12-28 08:33:58,2021-05-17 06:23:03.000
271,Carlos,Burgess,user,Quality Assurance,2019-12-29 19:05:22,2020-04-03 13:39:12.000
272,Cody,Holloway,user,Information Technology,2019-12-30 22:51:26,2020-04-27 03:30:41.000
273,Melissa,Hayes,user,Engineering/Development,2019-12-31 03:24:02,2021-03-01 09:09:04.000
274,Robin,Morris,user,Sales,2020-01-01 06:22:43,2021-05-25 07:41:12.000
275,Emily,Sexton,user,DevOps,2020-01-02 12:03:05,2020-11-02 18:12:00.000
276,Daniel,Murphy,user,Cybersecurity,2020-01-04 00:51:12,2020-03-21 11:05:15.000
277,Edwin,Martinez,user,Human Resources,2020-01-05 05:35:18,2020-07-12 23:28:21.000
278,Brian,Parker,user,Information Technology,2020-01-06 02:55:09,2021-03-20 02:29:01.000
279,Nichole,Weber,user,Human Resources,2020-01-07 13:28:23,2021-05-31 16:26:01.000
280,Jimmy,Harris,user,Human Resources,2020-01-08 04:41:19,2020-06-14 03:10:38.000
281,Gabriel,Burton,user,Sales,2020-01-08 11:36:30,2021-05-17 01:20:08.000
282,George,Smith,user,DevOps,2020-01-09 19:29:30,2020-02-13 02:57:33.000
283,Peter,Shaffer,user,Data Science/Analytics,2020-01-11 04:54:24,2020-11-13 22:22:04.000
284,Lisa,Barton,user,DevOps,2020-01-11 09:49:27,2020-11-26 20:48:51.000
285,Tracy,Jones,user,Engineering/Development,2020-01-11 13:32:26,2020-10-01 20:32:12.000
286,Sara,Jones,user,Cybersecurity,2020-01-13 10:49:18,2020-10-06 01:14:30.000
287,Alexander,Jones,user,Customer Support/Success,2020-01-14 09:14:53,2020-12-19 21:10:25.000
288,Tracey,Nguyen,user,Product Management,2020-01-14 22:09:20,2020-03-29 10:05:36.000
289,Mandy,Wallace,user,Product Management,2020-01-16 16:02:23,2020-02-15 10:29:01.000
290,Olivia,Jones,user,Customer Support/Success,2020-01-16 16:59:35,2020-06-10 15:04:53.000
291,Lauren,Walker,user,Finance,2020-01-18 14:03:13,2020-04-12 07:00:20.000
292,Susan,Velasquez,user,User Interface/User Experience Design,2020-01-19 13:48:30,2020-07-05 13:22:11.000
293,Kristi,Brown,user,Sales,2020-01-19 15:26:21,2021-01-18 10:19:31.000
294,Alicia,Ramsey,user,Product Management,2020-01-19 18:55:06,2020-03-04 05:44:08.000
295,Miguel,Clay,user,Marketing,2020-01-21 11:36:02,2021-03-13 06:56:47.000
296,Amy,Frank,user,Information Technology,2020-01-23 03:42:26,2020-02-14 12:35:21.000
297,Gavin,Taylor,user,Engineering/Development,2020-01-24 04:29:01,2020-12-27 07:48:20.000
298,Jodi,Solomon,user,User Interface/User Experience Design,2020-01-25 17:41:09,2021-04-14 15:16:29.000
299,Kevin,Snow,user,DevOps,2020-01-26 17:36:44,2020-09-02 13:19:04.000
300,Lindsay,Sullivan,admin,Manager,2020-01-27 13:59:40,2020-09-22 09:45:35.000
301,Emily,Austin,user,Cybersecurity,2020-01-28 07:25:49,2021-02-20 01:09:41.000
302,Jason,Rojas,user,Finance,2020-01-29 22:53:03,2020-06-21 11:32:26.000
303,Victor,Wiggins,user,Information Technology,2020-01-29 23:37:33,2021-02-12 03:28:38.000
304,Melissa,May,user,Cybersecurity,2020-01-31 14:52:48,2021-01-05 12:45:36.000
305,Kayla,Bender,user,Product Management,2020-02-02 02:33:08,2020-05-07 00:47:30.000
306,Deborah,Nelson,user,Human Resources,2020-02-02 16:07:14,2021-02-26 07:29:38.000
307,Amanda,Leblanc,user,Finance,2020-02-04 06:59:42,2021-06-08 07:39:54.000
308,Brett,Johnson,user,Engineering/Development,2020-02-05 11:09:11,2021-05-13 19:28:25.000
309,Wyatt,Sanchez,user,User Interface/User Experience Design,2020-02-06 22:58:51,2020-09-22 15:47:13.000
310,Lori,Miller,user,Quality Assurance,2020-02-08 09:18:27,2020-07-03 20:10:47.000
311,David,Taylor,user,Data Science/Analytics,2020-02-09 19:38:07,2020-09-14 00:42:21.000
312,Morgan,Flores,user,DevOps,2020-02-10 20:32:50,2020-09-19 12:11:54.000
313,Susan,Mckenzie,user,Marketing,2020-02-12 04:56:39,2020-10-21 21:46:15.000
314,Hannah,Adams,user,Cybersecurity,2020-02-12 14:14:36,2021-02-11 22:06:26.000
315,Melanie,Hogan,user,Engineering/Development,2020-02-14 10:24:11,2020-05-09 16:33:36.000
316,Amanda,Fowler,user,Data Science/Analytics,2020-02-15 09:13:49,2021-03-14 07:45:30.000
317,Autumn,Singh,user,Cybersecurity,2020-02-17 08:25:01,2020-11-02 09:37:29.000
318,James,Hamilton,user,Quality Assurance,2020-02-18 22:58:41,2020-03-01 01:19:22.000
319,Michele,Benson,user,Engineering/Development,2020-02-19 03:36:26,2020-07-18 06:22:57.000
320,Roy,Mata,user,User Interface/User Experience Design,2020-02-19 18:07:37,2021-03-22 12:10:05.000
321,William,Duncan,user,Product Management,2020-02-21 00:42:44,2021-03-29 18:34:26.000
322,Matthew,Evans,user,Engineering/Development,2020-02-21 01:18:21,2020-05-04 11:36:44.000
323,Andrew,Miller,user,Marketing,2020-02-22 00:52:56,2021-05-14 04:02:16.000
324,Joseph,Sanchez,user,Engineering/Development,2020-02-23 20:10:09,2020-02-27 22:00:40.000
325,Samantha,Garcia,user,User Interface/User Experience Design,2020-02-25 11:31:52,2021-05-23 02:50:47.000
326,Cynthia,Wilkinson,user,Engineering/Development,2020-02-25 20:28:36,2020-12-13 17:17:15.000
327,Melissa,Mullen,user,Customer Support/Success,2020-02-25 22:56:27,2021-04-10 05:16:08.000
328,Tristan,Beard,user,Finance,2020-02-27 22:03:33,2020-05-19 22:08:58.000
329,Joseph,Mitchell,user,Data Science/Analytics,2020-02-29 03:48:03,2020-12-19 08:47:45.000
330,Tyler,Price,user,Finance,2020-03-01 11:22:19,2020-03-16 21:43:27.000
331,Craig,Murray,user,Engineering/Development,2020-03-02 18:06:02,2020-12-15 21:32:13.000
332,Michael,Green,user,Human Resources,2020-03-03 05:43:25,2020-04-27 22:54:32.000
333,Phillip,Johnson,user,Cybersecurity,2020-03-03 21:21:18,2021-04-14 07:10:10.000
334,Dustin,Bennett,user,Engineering/Development,2020-03-04 10:19:40,2020-11-14 15:40:41.000
335,Kenneth,Harris,user,DevOps,2020-03-05 22:36:10,2020-06-14 13:16:01.000
336,Pamela,Smith,user,DevOps,2020-03-07 04:55:38,2020-10-25 09:36:23.000
337,Cynthia,Gonzales,user,Information Technology,2020-03-08 20:41:47,2020-10-17 04:28:02.000
338,Lee,Jones,user,Sales,2020-03-08 20:42:21,2020-11-19 01:58:16.000
339,Miranda,Harris,user,User Interface/User Experience Design,2020-03-09 07:40:01,2021-03-31 11:24:47.000
340,Leah,Baker,user,Engineering/Development,2020-03-10 23:49:47,2020-06-25 01:22:27.000
341,Christopher,Juarez,user,Sales,2020-03-12 05:19:44,2020-06-29 00:49:39.000
342,Richard,Washington,user,Engineering/Development,2020-03-13 23:42:02,2020-11-19 03:24:03.000
343,Ryan,Ware,user,Product Management,2020-03-14 12:54:11,2021-04-13 05:45:44.000
344,Marissa,Brown,user,Engineering/Development,2020-03-15 11:00:25,2021-02-14 18:29:18.000
345,Danielle,Gomez,user,Product Management,2020-03-15 11:34:29,2020-12-07 16:43:14.000
346,Rebecca,Aguilar,user,Data Science/Analytics,2020-03-16 13:36:47,2020-06-06 14:40:38.000
347,Edward,Schroeder,user,Marketing,2020-03-18 10:55:48,2020-09-16 08:52:03.000
348,Jeffrey,Jensen,user,Human Resources,2020-03-20 02:57:08,2021-04-17 15:31:07.000
349,Jose,Contreras,user,Engineering/Development,2020-03-20 17:49:29,2020-08-31 02:32:57.000
350,Matthew,Blair,user,User Interface/User Experience Design,2020-03-22 13:43:03,2021-02-08 22:13:35.000
351,Christopher,Armstrong,user,Engineering/Development,2020-03-22 14:21:08,2020-09-16 18:02:13.000
352,Michelle,Vasquez,user,Quality Assurance,2020-03-23 16:06:01,2020-04-01 04:39:50.000
353,Valerie,Lewis,user,Human Resources,2020-03-25 09:18:56,2021-01-29 03:23:55.000
354,Kristy,Taylor,user,User Interface/User Experience Design,2020-03-26 12:16:00,2021-03-04 14:21:25.000
355,Jamie,Miller,user,Sales,2020-03-28 09:16:54,2021-05-03 16:31:45.000
356,Stephen,Perkins,user,Engineering/Development,2020-03-29 05:35:22,2021-04-20 19:46:38.000
357,Phillip,Wood,user,Data Science/Analytics,2020-03-30 08:58:02,2020-12-17 04:39:06.000
358,Garrett,Caldwell,user,Engineering/Development,2020-03-31 05:43:17,2020-11-17 07:53:37.000
359,Lori,Austin,user,Cybersecurity,2020-04-01 03:03:53,2021-02-28 20:58:58.000
360,Annette,Stanley,user,Customer Support/Success,2020-04-01 05:48:54,2020-07-05 02:02:35.000
361,Susan,Nguyen,user,Product Management,2020-04-02 17:51:43,2020-05-14 09:12:57.000
362,Alyssa,Williams,user,Cybersecurity,2020-04-03 16:05:28,2020-04-28 16:26:33.000
363,Laura,Anderson,user,DevOps,2020-04-04 23:02:35,2021-05-09 04:43:23.000
364,Michael,Stevenson,user,Quality Assurance,2020-04-05 06:50:45,2021-02-15 16:26:54.000
365,Lauren,Martinez,user,DevOps,2020-04-05 08:17:34,2020-08-02 03:08:33.000
366,Kent,Rivera,user,DevOps,2020-04-06 10:23:33,2020-06-15 15:06:36.000
367,Daniel,Jordan,user,Legal/Compliance,2020-04-08 08:17:15,2020-07-07 07:35:15.000
368,Dillon,Hebert,user,DevOps,2020-04-09 20:08:59,2020-05-11 02:27:01.000
369,Sarah,Diaz,user,DevOps,2020-04-11 13:41:27,2021-02-15 00:22:42.000
370,Caleb,Gonzales,user,Quality Assurance,2020-04-11 22:03:23,2020-07-02 09:25:17.000
371,Dustin,Duncan,user,Finance,2020-04-13 18:19:37,2021-05-03 03:26:04.000
372,Shelly,Franklin,user,DevOps,2020-04-15 10:12:16,2020-08-04 20:44:57.000
373,Vanessa,Ramirez,user,Engineering/Development,2020-04-16 20:06:56,2020-08-08 22:49:06.000
374,Anthony,Jones,user,User Interface/User Experience Design,2020-04-17 15:06:38,2021-02-27 06:23:33.000
375,Jackson,Reese,user,Engineering/Development,2020-04-19 14:15:23,2020-11-11 23:22:48.000
376,Christopher,Phillips,user,User Interface/User Experience Design,2020-04-20 11:12:57,2020-11-06 02:43:02.000
377,Bradley,Hebert,user,Marketing,2020-04-22 08:58:07,2020-08-03 06:06:13.000
378,Angela,Woodward,user,Information Technology,2020-04-23 06:48:35,2021-02-11 13:56:16.000
379,Michael,Berry,user,Engineering/Development,2020-04-25 01:26:53,2021-02-17 04:57:14.000
380,John,Davis,user,Product Management,2020-04-26 16:13:10,2020-12-14 12:41:12.000
381,Kimberly,Hughes,user,Finance,2020-04-28 14:24:58,2020-10-31 12:55:04.000
382,Derek,Robinson,user,Product Management,2020-04-30 06:24:47,2020-12-07 02:01:18.000
383,Cheryl,Carr,user,Finance,2020-04-30 13:14:15,2020-06-28 21:12:21.000
384,Kevin,Smith,user,Engineering/Development,2020-04-30 13:35:33,2021-04-12 03:57:29.000
385,Steven,Thompson,user,Information Technology,2020-05-01 08:55:03,2020-10-23 20:51:00.000
386,Laura,Walker,user,Sales,2020-05-02 13:10:16,2020-06-17 23:18:51.000
387,Charles,Hull,user,Product Management,2020-05-04 02:00:23,2020-05-05 10:06:49.000
388,Joseph,Kim,user,Marketing,2020-05-04 03:12:20,2020-06-06 06:31:14.000
389,James,Horton,user,Cybersecurity,2020-05-05 10:57:16,2021-02-04 20:51:27.000
390,Keith,Wallace,user,Information Technology,2020-05-05 19:57:49,2020-08-17 22:38:02.000
391,Samantha,Nicholson,user,Data Science/Analytics,2020-05-06 23:27:19,2020-12-10 23:27:54.000
392,Beth,Mcgrath,user,Product Management,2020-05-08 08:28:44,2020-08-05 02:07:09.000
393,Scott,Powell,user,Cybersecurity,2020-05-09 20:31:51,2020-07-08 20:53:45.000
394,Nicholas,Hall,user,Sales,2020-05-10 06:49:59,2021-03-17 06:59:07.000
395,Jeremy,Scott,user,Marketing,2020-05-11 22:33:39,2020-12-09 07:58:02.000
396,Michael,Bond,user,Data Science/Analytics,2020-05-12 21:45:13,2020-08-10 19:03:12.000
397,Kimberly,Mullins,user,Product Management,2020-05-14 13:30:20,2020-08-01 14:43:42.000
398,Danielle,Oneal,user,Human Resources,2020-05-16 01:43:44,2020-10-02 10:34:27.000
399,Andrew,Martinez,user,Marketing,2020-05-17 03:10:21,2020-11-23 16:13:37.000
400,Daniel,Lewis,admin,Manager,2020-05-19 02:41:34,2020-11-04 19:04:25.000
401,Todd,Tucker,user,Information Technology,2020-05-19 16:57:54,2020-11-25 20:30:53.000
402,Anthony,Stewart,user,Cybersecurity,2020-05-20 15:24:58,2020-12-14 23:25:14.000
403,Amy,Harris,user,Sales,2020-05-21 21:43:07,2020-07-06 10:00:04.000
404,Mary,Moreno,user,Customer Support/Success,2020-05-22 10:18:51,2021-05-17 10:23:45.000
405,Carl,Wilson,user,Cybersecurity,2020-05-23 21:26:37,2021-01-21 14:55:02.000
406,Sheila,Abbott,user,User Interface/User Experience Design,2020-05-24 06:42:47,2020-09-17 06:58:40.000
407,Jay,Rodriguez,user,Data Science/Analytics,2020-05-24 18:29:40,2020-11-27 15:21:01.000
408,Leslie,Jones,user,Sales,2020-05-26 01:19:07,2020-12-08 15:16:21.000
409,Joshua,King,user,Finance,2020-05-27 17:12:01,2021-02-01 14:42:59.000
410,Jacob,Whitaker,user,Finance,2020-05-27 23:15:17,2021-04-04 07:02:26.000
411,Robert,Kim,user,Sales,2020-05-28 23:39:14,2021-05-02 02:28:15.000
412,Susan,Butler,user,Engineering/Development,2020-05-29 11:55:06,2021-01-23 05:11:54.000
413,Steven,Burnett,user,Engineering/Development,2020-05-30 15:52:38,2020-07-23 10:53:10.000
414,Timothy,Yates,user,Quality Assurance,2020-05-30 19:07:56,2021-02-16 16:30:45.000
415,Brett,Douglas,user,Marketing,2020-06-01 16:42:33,2020-07-24 11:14:15.000
416,Anthony,Barrett,user,Product Management,2020-06-02 21:06:46,2020-07-31 01:08:15.000
417,Mitchell,Garcia,user,Customer Support/Success,2020-06-03 20:09:42,2020-11-23 17:59:28.000
418,Cynthia,Riddle,user,Information Technology,2020-06-04 23:06:39,2020-07-23 08:11:38.000
419,Bobby,Mccann,user,Engineering/Development,2020-06-05 02:23:10,2020-11-20 23:16:10.000
420,Ruth,Joyce,user,Cybersecurity,2020-06-05 05:38:14,2021-01-10 18:25:22.000
421,Jillian,Poole,user,Engineering/Development,2020-06-05 13:45:35,2021-01-08 22:17:43.000
422,Cynthia,Beck,user,Product Management,2020-06-05 23:55:05,2020-06-14 19:31:56.000
423,Bryan,White,user,Finance,2020-06-07 03:57:14,2020-07-27 03:00:04.000
424,Elizabeth,Miller,user,User Interface/User Experience Design,2020-06-07 11:13:04,2020-08-14 01:54:40.000
425,Chris,Moody,user,Engineering/Development,2020-06-09 00:17:12,2020-10-20 20:07:53.000
426,James,Beck,user,Product Management,2020-06-10 07:09:45,2021-04-10 18:48:35.000
427,Brittany,Spencer,user,Engineering/Development,2020-06-10 11:16:20,2020-10-26 16:32:19.000
428,Kevin,Lopez,user,DevOps,2020-06-11 19:34:21,2020-11-28 16:02:09.000
429,Jessica,Meyer,user,User Interface/User Experience Design,2020-06-13 18:25:17,2020-07-16 17:15:32.000
430,Ashley,Smith,user,Product Management,2020-06-15 10:31:24,2021-04-23 19:53:14.000
431,Jennifer,Fields,user,Human Resources,2020-06-15 23:44:40,2021-01-13 05:50:27.000
432,Jessica,Hines,user,Data Science/Analytics,2020-06-17 00:32:37,2021-02-08 18:38:16.000
433,Robert,Harmon,user,Engineering/Development,2020-06-17 11:58:15,2020-11-18 22:38:51.000
434,Daniel,Mcgee,user,User Interface/User Experience Design,2020-06-18 01:22:44,2020-11-27 19:47:25.000
435,Monica,Douglas,user,User Interface/User Experience Design,2020-06-19 05:33:25,2021-05-25 13:38:11.000
436,Brian,Ewing,user,User Interface/User Experience Design,2020-06-20 19:45:14,2021-03-06 01:29:50.000
437,Brenda,Wang,user,Information Technology,2020-06-21 14:09:35,2021-05-04 14:03:57.000
438,David,Barker,user,Cybersecurity,2020-06-22 16:53:15,2020-07-10 08:46:37.000
439,April,Barron,user,Engineering/Development,2020-06-24 10:28:13,2020-10-25 12:32:11.000
440,Brent,Cross,user,Quality Assurance,2020-06-26 01:13:41,2021-02-24 08:50:55.000
441,Sandra,Meadows,user,User Interface/User Experience Design,2020-06-27 01:50:17,2021-03-19 17:33:56.000
442,Sarah,Martinez,user,Human Resources,2020-06-28 06:33:33,2021-02-10 19:22:13.000
443,Ralph,Jones,user,Information Technology,2020-06-29 18:26:44,2020-11-30 00:57:32.000
444,Stephanie,Garcia,user,Finance,2020-07-01 00:22:13,2021-03-30 19:43:48.000
445,Robin,Davis,user,Engineering/Development,2020-07-01 07:23:58,2020-07-01 16:14:57.000
446,Kathryn,Martinez,user,Cybersecurity,2020-07-01 14:21:33,2020-07-07 03:12:34.000
447,Christopher,Tran,user,Engineering/Development,2020-07-02 22:20:57,2020-11-10 17:09:45.000
448,Robert,Richards,user,Engineering/Development,2020-07-03 17:25:39,2021-01-25 19:22:06.000
449,Taylor,Ramsey,user,DevOps,2020-07-04 22:35:49,2020-12-19 09:20:08.000
450,Jeremy,Bradley,user,Engineering/Development,2020-07-05 23:15:28,2020-11-18 12:19:16.000
451,Jennifer,Schmidt,user,Product Management,2020-07-07 14:50:29,2021-03-22 06:50:38.000
452,Angela,Lozano,user,User Interface/User Experience Design,2020-07-08 23:02:19,2020-09-03 04:26:52.000
453,Leslie,Medina,user,Information Technology,2020-07-09 07:40:05,2021-04-12 18:29:54.000
454,Alex,Andrade,user,Sales,2020-07-09 08:30:51,2021-03-23 19:36:27.000
455,Michael,Smith,user,DevOps,2020-07-09 18:53:29,2020-12-17 10:01:43.000
456,Jennifer,Lambert,user,Marketing,2020-07-11 13:00:55,2020-07-13 04:06:27.000
457,Mariah,Martinez,user,Cybersecurity,2020-07-12 22:19:14,2021-01-23 00:22:08.000
458,Kenneth,Chan,user,Product Management,2020-07-13 19:24:18,2021-03-18 22:06:16.000
459,Jennifer,Becker,user,Data Science/Analytics,2020-07-15 19:08:42,2020-08-24 15:43:01.000
460,Kevin,Cunningham,user,Marketing,2020-07-16 03:41:07,2020-07-23 12:40:49.000
461,Andrew,Conner,user,Customer Support/Success,2020-07-17 23:00:02,2021-04-02 01:37:33.000
462,William,Parker,user,Quality Assurance,2020-07-19 09:44:12,2021-03-05 07:59:47.000
463,Linda,Patterson,user,DevOps,2020-07-20 13:05:37,2020-09-08 09:07:27.000
464,Toni,Baldwin,user,Sales,2020-07-22 12:35:53,2021-05-26 19:48:51.000
465,Pamela,Roberts,user,Sales,2020-07-23 09:48:05,2021-05-31 21:51:48.000
466,Steven,Castro,user,User Interface/User Experience Design,2020-07-25 04:54:42,2020-08-22 14:25:48.000
467,Eric,Potter,user,Sales,2020-07-26 11:30:00,2021-02-09 08:01:27.000
468,John,Pittman,user,Engineering/Development,2020-07-27 22:38:37,2021-04-21 08:16:14.000
469,Michael,Hill,user,Cybersecurity,2020-07-28 22:21:53,2021-01-31 16:18:50.000
470,Terry,Wright,user,Quality Assurance,2020-07-30 10:04:06,2021-01-18 16:19:05.000
471,Bruce,Nguyen,user,Finance,2020-07-31 15:57:00,2021-04-14 22:01:33.000
472,Lisa,Oconnor,user,Engineering/Development,2020-08-01 02:39:08,2021-04-30 23:25:48.000
473,Melissa,Robinson,user,Human Resources,2020-08-01 04:21:33,2020-10-14 18:14:06.000
474,Mary,Hughes,user,Marketing,2020-08-02 00:05:35,2020-09-29 10:16:40.000
475,Eric,Rice,user,User Interface/User Experience Design,2020-08-02 11:41:50,2020-09-10 04:35:47.000
476,Nicole,Dougherty,user,Product Management,2020-08-04 06:11:13,2020-10-31 16:57:38.000
477,Jerry,Wood,user,Finance,2020-08-04 21:22:43,2020-11-20 17:44:22.000
478,Brenda,Bell,user,Engineering/Development,2020-08-05 09:27:01,2020-11-14 21:53:36.000
479,Abigail,Smith,user,User Interface/User Experience Design,2020-08-05 20:09:08,2021-04-08 15:06:59.000
480,Stacy,Adams,user,Product Management,2020-08-06 23:18:28,2021-05-31 19:02:33.000
481,Lori,Patel,user,Marketing,2020-08-07 22:30:28,2021-01-21 00:39:38.000
482,Edward,Johnson,user,Sales,2020-08-08 12:49:06,2020-12-15 06:12:00.000
483,Bethany,Castillo,user,Product Management,2020-08-10 08:53:41,2020-11-03 07:19:28.000
484,Tracie,Owens,user,Engineering/Development,2020-08-10 18:38:10,2020-12-24 07:25:31.000
485,Daisy,Clark,user,Sales,2020-08-11 05:46:31,2021-02-09 23:13:49.000
486,Mikayla,Jacobson,user,Legal/Compliance,2020-08-11 11:56:18,2021-01-25 09:53:12.000
487,Samantha,Baird,user,Data Science/Analytics,2020-08-13 00:10:40,2020-11-20 13:28:38.000
488,Renee,Castillo,user,DevOps,2020-08-14 22:59:47,2020-11-05 10:40:01.000
489,Vanessa,Porter,user,Quality Assurance,2020-08-16 09:21:52,2020-10-15 02:52:14.000
490,Mary,Dennis,user,DevOps,2020-08-17 18:41:42,2021-04-29 22:22:13.000
491,Angela,Lawrence,user,Information Technology,2020-08-19 05:50:39,2020-12-09 22:32:25.000
492,Taylor,Walker,user,Engineering/Development,2020-08-20 15:00:52,2020-11-29 04:30:29.000
493,Ana,Kim,user,Information Technology,2020-08-20 22:17:17,2020-11-05 00:50:32.000
494,Christopher,Cruz,user,Human Resources,2020-08-20 23:11:49,2021-03-10 23:05:51.000
495,Omar,Vaughn,user,Information Technology,2020-08-22 19:53:11,2021-05-15 15:16:10.000
496,Tyler,Acosta,user,Cybersecurity,2020-08-24 05:50:32,2020-08-29 07:49:33.000
497,Holly,Owens,user,Data Science/Analytics,2020-08-25 08:36:06,2020-11-20 05:29:30.000
498,Scott,Underwood,user,User Interface/User Experience Design,2020-08-25 08:57:31,2021-03-06 21:12:52.000
499,Mary,Hubbard,user,Data Science/Analytics,2020-08-25 15:05:50,2021-02-10 00:26:33.000
500,Kevin,Curtis,admin,Manager,2020-08-25 20:06:01,2021-04-17 23:56:43.000
501,William,Miller,user,Product Management,2020-08-26 06:14:38,2021-05-19 04:23:00.000
502,Andrew,Garcia,user,User Interface/User Experience Design,2020-08-27 01:58:10,2020-10-19 23:09:32.000
503,Mark,Keller,user,DevOps,2020-08-28 03:29:58,2021-05-05 22:34:58.000
504,Ann,Padilla,user,Product Management,2020-08-29 02:45:23,2020-09-20 22:22:32.000
505,Tracy,Young,user,Information Technology,2020-08-29 12:21:58,2021-05-12 20:34:18.000
506,Felicia,Wright,user,Product Management,2020-08-31 05:00:57,2021-01-23 05:08:37.000
507,Julie,White,user,Human Resources,2020-09-01 14:35:51,2021-03-16 22:59:20.000
508,Roberta,Oconnor,user,Marketing,2020-09-01 22:34:11,2021-04-15 01:01:56.000
509,Yvette,Scott,user,Customer Support/Success,2020-09-03 11:13:46,2021-02-01 13:00:07.000
510,Joshua,Anderson,user,User Interface/User Experience Design,2020-09-04 17:06:29,2021-04-01 05:48:08.000
511,Rose,Reyes,user,Cybersecurity,2020-09-05 18:36:43,2021-04-29 08:16:02.000
512,Bridget,Brown,user,Engineering/Development,2020-09-06 18:29:34,2020-12-25 20:20:24.000
513,Tina,Horne,user,Customer Support/Success,2020-09-08 09:14:51,2021-05-30 01:21:11.000
514,Ashley,Walker,user,DevOps,2020-09-10 02:00:14,2020-11-09 07:10:26.000
515,Curtis,Hale,user,Engineering/Development,2020-09-11 01:55:21,2020-10-11 11:57:20.000
516,Micheal,Bennett,user,Cybersecurity,2020-09-12 06:32:49,2021-02-27 18:55:06.000
517,Matthew,Lopez,user,User Interface/User Experience Design,2020-09-12 22:42:00,2021-02-19 20:55:52.000
518,Nathaniel,Rogers,user,Information Technology,2020-09-13 16:59:27,2020-10-20 12:42:24.000
519,Jodi,Marsh,user,Human Resources,2020-09-14 11:36:39,2020-11-02 07:58:22.000
520,Heidi,Harrison,user,User Interface/User Experience Design,2020-09-15 05:07:14,2020-11-21 17:49:39.000
521,Christopher,Bishop,user,Engineering/Development,2020-09-16 15:40:51,2021-01-15 17:38:45.000
522,George,Jones,user,Data Science/Analytics,2020-09-17 07:20:32,2020-11-03 18:50:50.000
523,Ronald,Wiley,user,Engineering/Development,2020-09-18 01:36:02,2021-02-15 06:37:15.000
524,Stacey,Lozano,user,Cybersecurity,2020-09-18 13:45:42,2021-03-27 11:39:09.000
525,Casey,Shelton,user,Quality Assurance,2020-09-20 13:27:01,2020-10-09 14:07:48.000
526,Marissa,Pruitt,user,Engineering/Development,2020-09-20 22:30:53,2021-05-29 17:10:48.000
527,Rodney,Lee,user,Engineering/Development,2020-09-21 05:36:28,2020-12-06 23:46:31.000
528,Nicholas,Smith,user,Product Management,2020-09-23 03:41:10,2020-11-27 03:42:41.000
529,Stacy,Cox,user,Product Management,2020-09-23 11:05:10,2021-06-05 16:22:50.000
530,Krista,Parker,user,User Interface/User Experience Design,2020-09-24 05:52:27,2021-02-01 13:19:56.000
531,Sonya,Fuller,user,Product Management,2020-09-26 03:22:46,2021-03-12 13:29:33.000
532,Andre,Alexander,user,Quality Assurance,2020-09-27 10:46:05,2021-05-03 21:10:46.000
533,Scott,Perkins,user,Engineering/Development,2020-09-27 16:31:45,2021-02-19 07:18:41.000
534,Rachel,Williams,user,Product Management,2020-09-28 05:42:55,2021-02-01 04:17:00.000
535,Richard,Reed,user,DevOps,2020-09-28 15:10:00,2021-03-01 23:14:13.000
536,Christina,Adams,user,Sales,2020-09-28 17:13:22,2020-12-15 18:50:13.000
537,Jennifer,Johnson,user,Sales,2020-09-28 21:56:37,2021-05-20 05:43:36.000
538,Katherine,Goodman,user,User Interface/User Experience Design,2020-09-29 05:18:14,2021-04-26 00:21:11.000
539,Tanya,Calderon,user,Engineering/Development,2020-09-30 18:04:28,2021-05-26 16:42:40.000
540,Steven,Middleton,user,Finance,2020-10-01 01:20:31,2021-04-19 05:15:54.000
541,Joy,Ward,user,Cybersecurity,2020-10-02 07:06:17,2021-04-21 06:45:02.000
542,Tina,Wyatt,user,Cybersecurity,2020-10-02 23:53:16,2021-01-14 11:02:55.000
543,Vanessa,King,user,Data Science/Analytics,2020-10-03 13:33:11,2021-06-01 12:16:26.000
544,Melissa,Hood,user,User Interface/User Experience Design,2020-10-05 03:55:40,2020-12-12 01:37:45.000
545,Catherine,Baker,user,Marketing,2020-10-06 04:03:40,2021-05-10 12:39:37.000
546,Michael,Bullock,user,Engineering/Development,2020-10-06 13:14:49,2021-02-04 12:47:46.000
547,Amanda,Shaw,user,DevOps,2020-10-07 12:29:11,2021-04-06 21:26:59.000
548,John,Brown,user,Finance,2020-10-08 02:53:26,2021-01-27 17:38:09.000
549,Laura,Harmon,user,Engineering/Development,2020-10-09 10:07:24,2021-06-05 07:06:32.000
550,Richard,Smith,user,Finance,2020-10-10 08:25:18,2020-12-11 20:03:55.000
551,Ashley,Morgan,user,Engineering/Development,2020-10-10 08:53:30,2021-05-30 17:13:08.000
552,Regina,Gomez,user,Cybersecurity,2020-10-11 01:33:08,2021-04-10 00:08:59.000
553,Kevin,Strong,user,Engineering/Development,2020-10-12 01:18:46,2021-05-27 23:41:30.000
554,Tyler,Peterson,user,User Interface/User Experience Design,2020-10-13 16:20:56,2021-04-23 06:33:50.000
555,Mary,Larson,user,Cybersecurity,2020-10-15 03:30:01,2021-05-01 10:34:34.000
556,Corey,Mason,user,Cybersecurity,2020-10-16 10:11:39,2021-02-13 13:05:24.000
557,Richard,Baker,user,Engineering/Development,2020-10-17 13:19:23,2021-03-06 04:15:16.000
558,Scott,Jimenez,user,Information Technology,2020-10-19 13:01:23,2021-01-27 02:05:44.000
559,Jamie,Mack,user,Cybersecurity,2020-10-19 19:20:13,2021-03-13 11:32:48.000
560,Morgan,Parks,user,Human Resources,2020-10-21 05:29:51,2020-11-10 08:53:23.000
561,Erica,Little,user,Product Management,2020-10-21 07:19:13,2021-02-15 21:21:51.000
562,Andrea,Wolfe,user,User Interface/User Experience Design,2020-10-22 02:08:41,2021-02-09 20:04:14.000
563,Elizabeth,Bowman,user,Quality Assurance,2020-10-22 16:20:09,2021-05-24 00:51:13.000
564,Michael,Rodriguez,user,Human Resources,2020-10-22 17:56:53,2020-11-14 09:39:02.000
565,Kristen,Whitaker,user,Sales,2020-10-23 15:41:07,2021-01-28 09:30:07.000
566,Eric,Rodriguez,user,Engineering/Development,2020-10-25 03:41:17,2020-11-25 05:19:33.000
567,Jennifer,Henderson,user,Data Science/Analytics,2020-10-25 13:20:57,2021-05-25 03:29:40.000
568,Jose,Elliott,user,Engineering/Development,2020-10-26 08:31:00,2021-01-16 13:13:20.000
569,Perry,Cox,user,Marketing,2020-10-28 05:31:44,2020-11-03 11:56:58.000
570,Stephen,Skinner,user,Product Management,2020-10-30 02:19:55,2021-03-07 20:18:02.000
571,Alyssa,Carroll,user,Engineering/Development,2020-10-31 10:51:22,2021-03-05 17:35:24.000
572,Edwin,Sheppard,user,User Interface/User Experience Design,2020-11-01 15:05:45,2021-02-28 05:24:03.000
573,Katrina,Turner,user,DevOps,2020-11-02 10:19:48,2021-03-10 20:59:06.000
574,Richard,Peterson,user,Information Technology,2020-11-02 17:43:00,2020-11-10 12:02:40.000
575,Kevin,Donaldson,user,Data Science/Analytics,2020-11-04 10:37:09,2021-06-04 14:10:40.000
576,Courtney,Douglas,user,Product Management,2020-11-06 07:07:51,2021-02-02 23:01:46.000
577,Billy,Smith,user,Quality Assurance,2020-11-07 09:17:50,2021-04-30 08:54:26.000
578,Cameron,Anderson,user,Finance,2020-11-07 12:36:28,2020-12-01 11:23:28.000
579,Brad,Keith,user,User Interface/User Experience Design,2020-11-07 14:55:11,2021-06-02 05:07:27.000
580,Latasha,Hester,user,Customer Support/Success,2020-11-08 16:56:52,2020-11-22 09:52:28.000
581,Michael,Stephens,user,DevOps,2020-11-09 11:54:27,2021-01-19 13:30:25.000
582,Denise,Freeman,user,Marketing,2020-11-10 22:19:28,2021-02-05 21:04:45.000
583,Dustin,Harper,user,Marketing,2020-11-11 11:04:35,2021-02-09 11:43:53.000
584,Jane,Wood,user,Information Technology,2020-11-12 20:03:21,2021-01-20 02:18:58.000
585,Justin,Cox,user,Cybersecurity,2020-11-14 05:52:19,2021-05-01 02:35:59.000
586,Sandra,George,user,Product Management,2020-11-14 15:12:12,2021-04-13 04:57:47.000
587,Bradley,Collier,user,Engineering/Development,2020-11-15 17:27:20,2021-03-03 00:12:23.000
588,Jim,Dunn,user,Finance,2020-11-17 13:50:52,2020-12-03 10:53:03.000
589,Scott,Joseph,user,User Interface/User Experience Design,2020-11-19 02:49:50,2021-03-21 22:42:14.000
590,Steven,Baker,user,Engineering/Development,2020-11-20 06:18:26,2021-05-19 13:16:47.000
591,Faith,Long,user,Engineering/Development,2020-11-20 14:40:09,2021-02-10 08:09:02.000
592,Kristin,Brown,user,Sales,2020-11-21 08:07:07,2021-01-04 16:14:53.000
593,Rachel,Barr,user,DevOps,2020-11-23 01:22:18,2020-12-24 19:20:22.000
594,Jessica,Harrison,user,Engineering/Development,2020-11-24 02:50:31,2021-05-19 12:44:39.000
595,Bryan,Martin,user,Information Technology,2020-11-25 01:03:31,2021-01-24 22:59:08.000
596,Latoya,Collins,user,Legal/Compliance,2020-11-26 18:12:11,2020-11-29 23:51:16.000
597,Deborah,Thomas,user,User Interface/User Experience Design,2020-11-28 03:58:15,2021-01-29 13:18:19.000
598,Michelle,Adams,user,Engineering/Development,2020-11-28 14:30:02,2020-12-02 19:27:24.000
599,David,West,user,User Interface/User Experience Design,2020-11-29 15:56:17,2021-02-22 01:25:23.000
600,Carol,Schmidt,admin,Manager,2020-12-01 03:17:33,2021-04-03 03:05:29.000
601,Joshua,Miller,user,Data Science/Analytics,2020-12-01 10:51:34,2021-02-22 17:33:16.000
602,Paul,Chapman,user,Cybersecurity,2020-12-03 10:33:50,2021-02-09 07:21:25.000
603,Susan,Fuller,user,Product Management,2020-12-04 04:01:42,2020-12-14 06:54:26.000
604,Katherine,Carr,user,Product Management,2020-12-04 08:57:39,2021-01-27 15:13:31.000
605,Michael,Grant,user,Data Science/Analytics,2020-12-06 06:41:27,2021-01-08 15:43:50.000
606,Amy,Castro,user,Engineering/Development,2020-12-08 05:58:43,2021-02-08 03:07:36.000
607,Laurie,Kramer,user,DevOps,2020-12-08 13:16:05,2021-03-13 14:52:45.000
608,Sherry,Elliott,user,Quality Assurance,2020-12-10 01:39:46,2021-04-20 07:22:31.000
609,Robert,Calderon,user,Engineering/Development,2020-12-10 16:57:38,2021-02-11 05:10:38.000
610,Michele,Snyder,user,Human Resources,2020-12-11 08:18:20,2021-01-17 23:51:06.000
611,Joseph,Bird,user,Marketing,2020-12-11 20:55:26,2021-05-15 05:24:21.000
612,Kimberly,Holt,user,Engineering/Development,2020-12-13 17:25:57,2020-12-27 00:20:49.000
613,Edward,Davis,user,Product Management,2020-12-14 18:08:42,2021-04-26 00:45:52.000
614,Lisa,Carpenter,user,Finance,2020-12-15 12:41:36,2021-03-28 12:12:03.000
615,Jonathan,Johnson,user,User Interface/User Experience Design,2020-12-16 23:09:19,2021-05-03 20:38:37.000
616,Jeffrey,Williams,user,User Interface/User Experience Design,2020-12-18 03:29:00,2021-03-08 12:49:55.000
617,Donald,Perry,user,Information Technology,2020-12-18 11:39:27,2021-01-13 19:41:22.000
618,Richard,Robinson,user,Product Management,2020-12-19 02:21:13,2021-05-06 17:47:54.000
619,Anna,Shaw,user,Sales,2020-12-19 11:08:59,2021-05-07 10:34:22.000
620,Victoria,Johnson,user,Customer Support/Success,2020-12-20 11:01:00,2021-04-25 06:53:18.000
621,Cheyenne,Mccoy,user,Sales,2020-12-20 23:30:31,2021-04-27 08:04:07.000
622,Sonya,Klein,user,Engineering/Development,2020-12-21 09:44:58,2021-03-26 19:57:19.000
623,Olivia,Malone,user,Engineering/Development,2020-12-23 01:49:38,2021-03-30 22:49:54.000
624,Sheila,Adams,user,DevOps,2020-12-24 01:40:17,2021-01-03 09:41:44.000
625,Shaun,Moore,user,Cybersecurity,2020-12-25 22:41:17,2021-04-13 15:24:32.000
626,Mary,Weber,user,Sales,2020-12-26 23:26:57,2021-02-05 18:34:06.000
627,James,Lewis,user,Finance,2020-12-27 20:32:26,2020-12-29 08:42:12.000
628,Heather,Townsend,user,Finance,2020-12-29 06:23:00,2021-02-09 16:09:17.000
629,Heather,Harris,user,User Interface/User Experience Design,2020-12-31 05:45:28,2021-04-04 20:36:47.000
630,David,Howard,user,Product Management,2021-01-02 03:41:58,2021-01-22 09:38:56.000
631,Christina,Sandoval,user,Marketing,2021-01-03 03:07:48,2021-04-24 18:05:09.000
632,David,Patel,user,Sales,2021-01-04 23:29:42,2021-04-24 06:02:17.000
633,Anthony,Lee,user,Engineering/Development,2021-01-06 12:01:43,2021-04-18 12:07:18.000
634,Teresa,Hinton,user,Engineering/Development,2021-01-06 22:39:38,2021-06-08 06:27:52.000
635,Karen,Reyes,user,Engineering/Development,2021-01-08 00:57:10,2021-03-21 03:17:09.000
636,Alexander,Jefferson,user,Product Management,2021-01-08 21:57:38,2021-03-15 22:59:55.000
637,Michael,Hernandez,user,User Interface/User Experience Design,2021-01-10 05:47:34,2021-04-15 12:25:05.000
638,Jesse,Dunlap,user,Data Science/Analytics,2021-01-11 15:11:14,2021-02-26 23:45:16.000
639,Regina,Mendez,user,DevOps,2021-01-13 11:47:08,2021-03-09 01:28:15.000
640,Sherry,Ho,user,Cybersecurity,2021-01-15 10:25:52,2021-04-06 14:45:45.000
641,Nicole,Jordan,user,Customer Support/Success,2021-01-16 06:45:22,2021-04-17 09:29:16.000
642,Jennifer,James,user,Product Management,2021-01-16 10:05:26,2021-04-28 13:19:54.000
643,Tony,Flynn,user,Information Technology,2021-01-17 06:02:41,2021-04-17 19:06:00.000
644,Laurie,Johnson,user,Marketing,2021-01-18 05:17:02,2021-05-02 01:12:24.000
645,Charles,Chaney,user,Information Technology,2021-01-19 13:38:06,2021-03-30 18:48:37.000
646,Robert,Riley,user,Human Resources,2021-01-21 12:39:07,2021-01-28 19:18:11.000
647,Zachary,Miller,user,Quality Assurance,2021-01-21 23:24:36,2021-02-01 04:03:49.000
648,Charles,Johnson,user,Sales,2021-01-23 22:31:11,2021-03-13 12:14:34.000
649,Jesus,Wright,user,DevOps,2021-01-25 08:21:46,2021-05-30 11:11:53.000
650,Marcus,Maynard,user,Quality Assurance,2021-01-26 05:21:47,2021-04-27 10:08:12.000
651,Cynthia,Turner,user,Data Science/Analytics,2021-01-27 22:25:41,2021-02-11 00:16:37.000
652,Sharon,Dennis,user,Human Resources,2021-01-29 01:40:45,2021-06-07 21:43:15.000
653,Jenna,Sloan,user,Sales,2021-01-30 04:46:00,2021-04-07 11:50:54.000
654,Sean,Coleman,user,DevOps,2021-01-30 22:03:25,2021-04-24 03:05:04.000
655,Rachael,Acevedo,user,Product Management,2021-01-31 21:48:59,2021-06-06 06:39:12.000
656,Megan,Strickland,user,Engineering/Development,2021-02-02 07:12:35,2021-03-13 19:10:05.000
657,Nicholas,Kim,user,Engineering/Development,2021-02-03 11:31:22,2021-05-14 18:33:05.000
658,Melissa,Roberts,user,DevOps,2021-02-03 13:59:11,2021-02-20 10:45:26.000
659,Ashley,Ramsey,user,Cybersecurity,2021-02-03 18:32:39,2021-03-02 07:14:24.000
660,Adam,Dawson,user,Finance,2021-02-05 16:09:50,2021-03-17 18:06:36.000
661,Michael,Johnson,user,User Interface/User Experience Design,2021-02-07 14:37:20,2021-04-03 09:22:13.000
662,Kirk,Cuevas,user,Information Technology,2021-02-09 12:47:34,2021-04-16 19:17:26.000
663,Kimberly,Andrade,user,Data Science/Analytics,2021-02-11 01:29:19,2021-04-08 02:37:47.000
664,Sierra,Caldwell,user,Engineering/Development,2021-02-12 11:26:29,2021-03-03 18:07:13.000
665,Cassie,Ball,user,User Interface/User Experience Design,2021-02-12 16:05:12,2021-03-27 07:12:37.000
666,Kendra,Smith,user,Engineering/Development,2021-02-14 10:07:36,2021-04-25 07:19:40.000
667,Vanessa,Rodriguez,user,Product Management,2021-02-15 04:55:18,2021-04-25 11:21:10.000
668,Kathy,Copeland,user,Engineering/Development,2021-02-15 16:55:03,2021-03-13 01:23:05.000
669,Christian,James,user,User Interface/User Experience Design,2021-02-16 00:36:26,2021-06-07 23:52:57.000
670,Patricia,Martin,user,Engineering/Development,2021-02-16 13:32:30,2021-04-25 18:23:04.000
671,James,Lynn,user,Customer Support/Success,2021-02-17 20:04:51,2021-05-26 15:34:11.000
672,Richard,Bowers,user,Customer Support/Success,2021-02-18 02:08:28,2021-03-10 15:56:40.000
673,Vanessa,Tucker,user,Sales,2021-02-19 12:55:49,2021-04-02 15:11:03.000
674,Kimberly,Owens,user,Information Technology,2021-02-20 07:49:15,2021-04-06 03:52:12.000
675,Edward,Clark,user,Human Resources,2021-02-22 00:53:54,2021-03-29 08:44:59.000
676,Jennifer,Thomas,user,Quality Assurance,2021-02-23 09:51:41,2021-04-17 07:44:06.000
677,Jill,Guzman,user,Engineering/Development,2021-02-25 08:38:23,2021-06-01 22:59:56.000
678,Margaret,Weiss,user,User Interface/User Experience Design,2021-02-27 04:43:22,2021-05-05 02:47:23.000
679,Tiffany,Munoz,user,Product Management,2021-02-28 20:14:18,2021-04-17 14:27:15.000
680,Richard,Hines,user,Cybersecurity,2021-03-01 17:29:10,2021-03-07 17:44:05.000
681,Maria,Morrison,user,Legal/Compliance,2021-03-03 08:16:44,2021-04-14 22:51:22.000
682,Donald,Riley,user,Human Resources,2021-03-03 19:05:45,2021-04-22 19:25:46.000
683,Nathan,Cook,user,Data Science/Analytics,2021-03-05 14:52:10,2021-04-03 09:52:31.000
684,Richard,Leonard,user,Quality Assurance,2021-03-06 01:19:03,2021-04-12 20:09:04.000
685,Kristen,Carter,user,User Interface/User Experience Design,2021-03-07 04:11:14,2021-04-30 21:21:09.000
686,Jason,Ruiz,user,Cybersecurity,2021-03-08 04:18:53,2021-04-08 14:52:27.000
687,Frank,Padilla,user,Cybersecurity,2021-03-09 23:54:37,2021-04-28 05:15:47.000
688,John,Mckee,user,Information Technology,2021-03-10 02:42:36,2021-05-05 15:43:39.000
689,Scott,Gill,user,Engineering/Development,2021-03-11 21:16:45,2021-06-03 22:46:55.000
690,Laurie,Cox,user,Marketing,2021-03-13 18:30:36,2021-04-28 07:58:41.000
691,Benjamin,Green,user,Cybersecurity,2021-03-15 06:02:55,2021-04-27 20:28:01.000
692,Mackenzie,House,user,Information Technology,2021-03-15 09:49:10,2021-04-27 00:29:34.000
693,Mary,Leon,user,Engineering/Development,2021-03-17 08:47:29,2021-05-11 01:29:39.000
694,Eric,Gonzales,user,Human Resources,2021-03-18 08:25:50,2021-05-18 11:07:54.000
695,Matthew,Williams,user,Information Technology,2021-03-20 07:37:06,2021-04-10 09:57:40.000
696,Jimmy,White,user,Engineering/Development,2021-03-21 15:00:59,2021-06-04 11:30:04.000
697,Brittany,Stevens,user,User Interface/User Experience Design,2021-03-23 08:04:39,2021-05-07 11:14:27.000
698,Cynthia,Green,user,User Interface/User Experience Design,2021-03-25 05:13:29,2021-04-19 03:58:03.000
699,Elizabeth,Brown,user,Product Management,2021-03-25 05:46:56,2021-04-20 20:43:07.000
700,Max,Robinson,admin,Manager,2021-03-26 20:26:50,2021-04-05 18:11:21.000
701,Nicole,Kim,user,Engineering/Development,2021-03-27 03:29:36,2021-04-03 03:30:48.000
702,Jessica,Moreno,user,Product Management,2021-03-27 21:17:44,2021-04-04 01:57:24.000
703,Deanna,Glenn,user,Quality Assurance,2021-03-29 00:58:50,2021-04-07 19:35:32.000
704,Rebecca,Stephens,user,Finance,2021-03-29 15:48:31,2021-05-10 08:44:19.000
705,Blake,Anderson,user,Product Management,2021-03-31 07:48:50,2021-04-24 12:01:52.000
706,Courtney,Chapman,user,Engineering/Development,2021-04-01 20:50:20,2021-05-03 10:26:25.000
707,Eric,Reynolds,user,Product Management,2021-04-02 07:07:39,2021-05-04 19:29:45.000
708,Katherine,Graham,user,Engineering/Development,2021-04-03 13:22:49,2021-05-20 17:09:59.000
709,Veronica,Terry,user,Sales,2021-04-04 16:52:41,2021-04-05 10:49:34.000
710,Michelle,Nguyen,user,DevOps,2021-04-04 22:56:59,2021-04-28 00:17:43.000
711,Rachel,Yates,user,Customer Support/Success,2021-04-06 07:32:59,2021-04-07 04:26:23.000
712,Nicole,Ryan,user,User Interface/User Experience Design,2021-04-07 15:49:50,2021-06-01 10:18:16.000
713,Sarah,Baker,user,Cybersecurity,2021-04-08 17:54:46,2021-06-06 10:36:37.000
714,Jesus,Parker,user,Engineering/Development,2021-04-09 23:44:25,2021-05-14 05:11:41.000
715,Judy,Gutierrez,user,Engineering/Development,2021-04-10 05:17:05,2021-05-06 16:24:12.000
716,Vickie,Wilson,user,Sales,2021-04-11 22:38:59,2021-05-29 11:49:22.000
717,Kathryn,Gonzales,user,Cybersecurity,2021-04-13 20:26:46,2021-05-16 13:55:43.000
718,Heather,Taylor,user,DevOps,2021-04-14 01:01:37,2021-05-31 16:47:09.000
719,Bryan,Cruz,user,DevOps,2021-04-15 04:49:19,2021-05-27 04:48:19.000
720,Philip,Mendez,user,DevOps,2021-04-15 21:36:57,2021-04-21 07:03:22.000
721,James,Moses,user,Information Technology,2021-04-17 08:21:32,2021-05-30 13:57:15.000
722,Jeff,Nelson,user,Finance,2021-04-19 08:10:46,2021-04-26 08:17:09.000
723,Catherine,Lane,user,Engineering/Development,2021-04-21 03:35:56,2021-06-02 10:39:37.000
724,Daniel,Phillips,user,Marketing,2021-04-22 17:34:43,2021-05-18 02:21:40.000
725,Melissa,Walls,user,Product Management,2021-04-24 16:04:45,2021-05-01 15:35:12.000
726,John,Garrett,user,Engineering/Development,2021-04-25 08:15:05,2021-05-04 00:13:47.000
727,Victoria,Hogan,user,DevOps,2021-04-26 23:03:11,2021-06-08 04:26:01.000
728,William,Nguyen,user,Marketing,2021-04-27 23:59:17,2021-05-24 06:56:54.000
729,Martin,Mitchell,user,Sales,2021-04-29 09:49:41,2021-06-06 23:38:44.000
730,Travis,Murphy,user,Data Science/Analytics,2021-04-30 10:45:48,2021-05-08 01:47:02.000
731,Russell,Compton,user,Quality Assurance,2021-05-01 11:41:02,2021-05-11 03:20:09.000
732,Shannon,Bautista,user,Finance,2021-05-02 09:29:09,2021-05-03 17:47:06.000
733,Lisa,Hampton,user,Marketing,2021-05-04 04:36:01,2021-05-28 10:48:08.000
734,William,Martin,user,Sales,2021-05-05 10:04:10,2021-06-07 07:27:41.000
735,Adam,Hanson,user,Product Management,2021-05-05 10:59:08,2021-05-09 02:37:41.000
736,Adam,Dunn,user,Sales,2021-05-05 17:30:41,2021-05-08 12:25:30.000
737,Jacob,Snyder,user,Engineering/Development,2021-05-06 08:39:13,2021-05-22 20:31:54.000
738,Tyler,Hernandez,user,DevOps,2021-05-07 22:45:14,2021-05-10 07:46:08.000
739,Amanda,Smith,user,Product Management,2021-05-08 21:26:18,2021-05-27 06:35:19.000
740,Dakota,Evans,user,Human Resources,2021-05-09 14:58:44,2021-06-05 21:04:16.000
741,Kathleen,Graham,user,DevOps,2021-05-11 11:02:28,2021-06-02 20:28:05.000
742,Austin,Williams,user,Marketing,2021-05-13 04:35:46,2021-05-22 01:45:34.000
743,Jessica,Dodson,user,Marketing,2021-05-13 12:50:26,2021-06-03 08:31:37.000
744,Jeffrey,Lynch,user,Sales,2021-05-13 23:10:40,2021-05-16 08:27:26.000
745,Ashley,Wilson,user,DevOps,2021-05-15 19:17:11,2021-05-31 08:26:33.000
746,Tracy,Tran,user,Data Science/Analytics,2021-05-17 10:55:18,2021-05-29 14:15:04.000
747,Carl,Ali,user,Engineering/Development,2021-05-18 16:06:35,2021-06-03 07:28:45.000
748,Sarah,Stewart,user,Engineering/Development,2021-05-19 22:02:46,2021-05-25 00:15:31.000
749,John,Harris,user,User Interface/User Experience Design,2021-05-20 22:58:06,2021-06-05 00:37:14.000
750,Mary,Heath,user,Finance,2021-05-22 13:19:02,2021-06-01 02:53:58.000
751,Timothy,Santiago,user,Product Management,2021-05-22 20:04:09,2021-05-31 06:12:59.000
752,Kevin,Casey,user,Cybersecurity,2021-05-23 11:45:03,2021-06-05 09:15:42.000
753,Tracy,Frank,user,Finance,2021-05-24 10:12:29,2021-05-25 15:28:15.000
754,Whitney,Burns,user,Data Science/Analytics,2021-05-24 18:08:30,2021-06-04 02:50:33.000
755,Rachel,Jones,user,Finance,2021-05-26 03:09:59,2021-06-05 05:27:27.000
756,Amanda,Harrison,user,User Interface/User Experience Design,2021-05-27 05:42:40,2021-06-08 22:44:18.000
757,Alejandra,Franco,user,Information Technology,2021-05-28 20:56:47,2021-06-08 04:02:56.000
758,Haley,Howell,user,Data Science/Analytics,2021-05-29 20:36:42,2021-06-03 11:10:41.000
759,Lori,Smith,user,Cybersecurity,2021-05-30 09:33:35,2021-06-01 20:45:06.000
760,Steven,Rodiguez,user,Human Resources,2021-06-01 08:38:22,2021-06-04 11:17:17.000
761,Angelica,Fitzgerald,user,Quality Assurance,2021-06-02 14:31:24,2021-06-05 22:49:56.000
762,Elizabeth,Kelly,user,User Interface/User Experience Design,2021-06-03 17:40:15,2021-06-05 22:07:17.000
763,Teresa,Castro,user,DevOps,2021-06-04 02:21:13,2021-06-05 04:56:04.000
764,John,Johnson,user,Sales,2021-06-04 04:06:17,2021-06-06 04:21:54.000
765,Sue,Smith,user,Engineering/Development,2021-06-05 14:37:00,2021-06-07 06:12:58.000
766,Gwendolyn,Edwards,user,Engineering/Development,2021-06-05 23:06:48,2021-06-07 02:15:30.000
767,Tammy,Peters,user,Cybersecurity,2021-06-06 00:41:00,2021-06-08 10:09:06.000
768,Peter,Berger,user,Product Management,2021-06-07 05:35:21,2021-06-07 19:28:27.000
769,Dustin,Campbell,user,User Interface/User Experience Design,2021-06-08 03:20:41,2021-06-08 08:33:41.000
770,Brandon,Allen,user,Product Management,2021-06-09 11:30:16,2021-06-09 11:30:16.148
771,Stacy,Butler,user,User Interface/User Experience Design,2021-06-11 02:03:32,2021-06-11 02:03:32.993
772,Brady,Huber,user,User Interface/User Experience Design,2021-06-12 22:59:06,2021-06-12 22:59:06.594
773,Elizbeth,Smith,user,Marketing,2021-06-13 01:22:36,2021-06-13 01:22:36.089
774,Stephen,Davis,user,Engineering/Development,2021-06-14 07:50:37,2021-06-14 07:50:37.876
775,Peter,Rush,user,User Interface/User Experience Design,2021-06-15 12:14:11,2021-06-15 12:14:11.111
776,Cynthia,Fitzgerald,user,Marketing,2021-06-16 21:39:57,2021-06-16 21:39:57.947
777,Charles,Hawkins,user,Engineering/Development,2021-06-16 23:15:44,2021-06-16 23:15:44.694
778,Evelyn,Norris,user,Quality Assurance,2021-06-17 23:59:16,2021-06-17 23:59:16.037
779,Tamara,Martinez,user,Product Management,2021-06-19 15:24:27,2021-06-19 15:24:27.642
780,Bonnie,Bishop,user,Sales,2021-06-19 18:04:53,2021-06-19 18:04:53.094
781,Jennifer,Phillips,user,Marketing,2021-06-21 06:21:14,2021-06-21 06:21:14.066
782,Christopher,Harvey,user,Product Management,2021-06-22 04:11:46,2021-06-22 04:11:46.742
783,Donald,Ford,user,Finance,2021-06-23 18:46:58,2021-06-23 18:46:58.391
784,Robert,Holden,user,Engineering/Development,2021-06-25 00:42:27,2021-06-25 00:42:27.232
785,Jose,Hernandez,user,User Interface/User Experience Design,2021-06-25 16:02:22,2021-06-25 16:02:22.183
786,Wesley,Campos,user,User Interface/User Experience Design,2021-06-26 09:41:35,2021-06-26 09:41:35.991
787,Marcus,Thompson,user,Data Science/Analytics,2021-06-26 17:14:37,2021-06-26 17:14:37.411
788,Richard,Christensen,user,Human Resources,2021-06-27 03:20:55,2021-06-27 03:20:55.225
789,Jacqueline,Wright,user,Quality Assurance,2021-06-27 05:12:11,2021-06-27 05:12:11.163
790,Kristin,Fletcher,user,Cybersecurity,2021-06-28 19:16:01,2021-06-28 19:16:01.999
791,Anthony,Baker,user,Finance,2021-06-29 02:12:33,2021-06-29 02:12:33.529
792,Samantha,Anderson,user,DevOps,2021-06-29 21:07:32,2021-06-29 21:07:32.948
793,Toni,Miranda,user,Sales,2021-07-01 02:46:20,2021-07-01 02:46:20.835
794,Michael,Moore,user,Information Technology,2021-07-01 23:20:57,2021-07-01 23:20:57.038
795,Justin,Gonzalez,user,Legal/Compliance,2021-07-02 23:40:03,2021-07-02 23:40:03.344
796,Willie,Taylor,user,Data Science/Analytics,2021-07-03 11:12:10,2021-07-03 11:12:10.772
797,Amy,Gibson,user,Finance,2021-07-03 23:57:42,2021-07-03 23:57:42.645
798,Tammy,Thomas,user,Engineering/Development,2021-07-05 13:22:37,2021-07-05 13:22:37.272
799,Nathan,Anderson,user,Quality Assurance,2021-07-06 06:53:10,2021-07-06 06:53:10.924
800,Carol,Winters,admin,Manager,2021-07-07 14:35:57,2021-07-07 14:35:57.886
